﻿{"cameraMode":{"drawMode":0,"name":"Shaded","section":"Shading Mode"},"sceneLighting":true,"audioPlay":false,"sceneViewState":{"showFog":true,"showMaterialUpdate":false,"showSkybox":true,"showFlares":true,"showImageEffects":true,"showParticleSystems":true},"in2DMode":false,"pivot":{"x":-112.3429183959961,"y":6.596038818359375,"z":-20.3306884765625},"rotation":{"x":-0.025804240256547929,"y":0.9693868160247803,"z":-0.2145453691482544,"w":-0.11659210920333862},"size":763.82958984375,"orthographic":false}